player_nickname,body_part_name,sub_type_name,x,y,outcome_name,shot_statsbomb_xg,end_x,end_y,technique_name,box
Julián Álvarez,Right Foot,Open Play,105.6,44,Off T,0.07213958,120,31.9,Half Volley,inside
Luis Díaz,Right Foot,Open Play,98.6,25.2,Saved,0.02977089,117.9,37,Normal,outside
Jhon Córdoba,Right Foot,Open Play,105.5,47.3,Post,0.07589752,120,35.9,Half Volley,inside
Carlos Cuesta,Head,Open Play,113.4,38.7,Saved,0.15686217,118.8,38.4,Normal,inside
Lionel Messi,Left Foot,Open Play,106.2,36.8,Blocked,0.15133068,112.1,36.8,Normal,inside
Jhon Córdoba,Head,Open Play,108.3,39,Blocked,0.049562205,109,38.9,Normal,inside
Jefferson Lerma,Right Foot,Open Play,85.6,34.4,Saved,0.015171255,119,37,Normal,outside
Jhon Córdoba,Head,Open Play,112.5,42.5,Blocked,0.08510399,113.3,42.2,Normal,inside
Jhon Arias,Head,Open Play,106.1,32.5,Wayward,0.02531394,118.7,33.6,Normal,inside
Richard,Right Foot,Open Play,83.5,48,Saved,0.006473652,118.4,42.8,Normal,outside
Nicolás Tagliafico,Head,Open Play,108.1,39.3,Off T,0.047531724,120,40.1,Normal,inside
Santiago Arias,Right Foot,Open Play,105.5,57.6,Off T,0.022013947,120,34.7,Half Volley,inside
Ángel Di María,Left Foot,Open Play,110.9,25.6,Saved,0.06569337,111.9,27.2,Normal,inside
Jhon Arias,Right Foot,Open Play,98.9,24.9,Blocked,0.012626733,100.1,25.8,Normal,outside
Davinson Sánchez,Head,Open Play,114.8,44.1,Off T,0.14169177,120,43.9,Normal,inside
Alexis MacAllister,Head,Open Play,107.2,35,Blocked,0.040732585,109.1,35.8,Normal,inside
Ángel Di María,Left Foot,Open Play,107.5,24.9,Saved,0.028598836,117.2,38.3,Normal,inside
Jefferson Lerma,Right Foot,Open Play,88.5,38.1,Off T,0.019570593,120,38.3,Normal,outside
Carlos Cuesta,Head,Open Play,109.6,41.5,Off T,0.056397837,120,50.5,Normal,inside
James Rodríguez,Left Foot,Free Kick,94.8,24.9,Blocked,0.039566465,104.2,29.3,Normal,outside
Nicolás González,Right Foot,Open Play,111.1,42,Off T,0.26291034,120,38.6,Half Volley,inside
Nicolás González,Right Foot,Open Play,110.1,35.3,Saved,0.18526037,119.1,38.9,Normal,inside
Juan Fernando Quintero,Left Foot,Open Play,90.2,41.4,Blocked,0.022356912,91.9,41.4,Normal,outside
Nicolás Tagliafico,Head,Open Play,118.6,31.5,Saved,0.02626014,119.4,36,Normal,inside
Jhon Arias,Right Foot,Open Play,94.3,39.6,Blocked,0.045611396,100.5,40.1,Normal,outside
Miguel Borja,Right Foot,Open Play,108.5,27.6,Blocked,0.05930189,109.3,28.6,Normal,inside
Lautaro Martínez,Right Foot,Open Play,105.5,52.1,Goal,0.19881123,120,37.1,Normal,inside
Mateus Uribe,Right Foot,Open Play,87.6,49,Off T,0.018106721,120,39.6,Normal,outside
Leandro Paredes,Right Foot,Open Play,30.2,42.3,Wayward,0.003432715,102.6,31.3,Lob,outside
Carlos Cuesta,Head,Open Play,113.8,36.7,Wayward,0.10677843,115.2,35.4,Normal,inside
Federico Valverde,Right Foot,Free Kick,90.6,23.8,Blocked,0.008453957,102.6,32.2,Normal,outside
Sebastián Cáceres,Head,Open Play,110.9,37.1,Wayward,0.06594194,113,34.6,Normal,inside
Rodrigo Bentancur,Left Foot,Open Play,113.9,30.9,Goal,0.08248342,120,41.6,Normal,inside
Maximiliano Araújo,Left Foot,Open Play,110.4,27,Saved,0.09942555,117.7,36.8,Normal,inside
Richie Laryea,Right Foot,Open Play,96.8,21.9,Off T,0.008992051,120,47.5,Normal,outside
Moise Bombito,Head,Open Play,111.7,33.7,Wayward,0.050606214,115.4,35.5,Normal,inside
Ismael Koné,Right Foot,Open Play,114.8,36.2,Goal,0.2778801,120,42.2,Volley,inside
Tanitoluwa Oluwaseyi,Left Foot,Open Play,106.3,34.3,Wayward,0.12284655,120,22.4,Volley,inside
Darwin Núñez,Right Foot,Free Kick,99,32.8,Off T,0.08275602,120,37,Normal,outside
Moise Bombito,Head,Open Play,113,50.2,Blocked,0.02644375,113.4,49.6,Normal,inside
Tanitoluwa Oluwaseyi,Head,Open Play,113.2,38.2,Off T,0.38649413,120,46.6,Normal,inside
Jonathan Osorio,Right Foot,Open Play,108.5,41.8,Saved,0.5124609,111.8,40.8,Normal,inside
Jonathan Osorio,Head,Open Play,109.2,42.4,Blocked,0.16309232,118.2,42.7,Normal,inside
Tanitoluwa Oluwaseyi,Right Foot,Open Play,107.4,41.9,Saved,0.3512084,113.7,40.6,Normal,inside
Luc Rollet De Fougerolles,Left Foot,Open Play,112.5,34.2,Blocked,0.061215352,113.7,34.7,Half Volley,inside
Brian Rodríguez,Right Foot,Open Play,109.3,50.2,Blocked,0.13437708,113,45.6,Normal,inside
Luis Suárez,Right Foot,Open Play,104.7,22.6,Saved,0.040394522,119,41.7,Normal,inside
Alphonso Davies,Left Foot,Open Play,94.4,32,Blocked,0.0249685,99,34.1,Normal,outside
Moise Bombito,Head,Open Play,109.4,38.8,Off T,0.052749198,120,46.6,Normal,inside
José Giménez,Left Foot,Open Play,108.2,44.4,Blocked,0.10195964,109.6,43.6,Normal,inside
Federico Valverde,Left Foot,Open Play,102.7,53.9,Blocked,0.032977764,105.4,50.5,Normal,inside
Ismael Koné,Right Foot,Open Play,94.8,48.8,Saved,0.045200363,115,41.6,Normal,outside
Jonathan David,Right Foot,Open Play,107.2,45.2,Goal,0.2036517,120,43.1,Normal,inside
José Giménez,Head,Open Play,111,34.8,Off T,0.10253947,120,36.9,Normal,inside
Luis Suárez,Left Foot,Open Play,112.1,51.1,Saved,0.2381264,115.9,46.1,Normal,inside
Luis Suárez,Left Foot,Open Play,110,38.2,Goal,0.5269911,120,36.9,Normal,inside
Jonathan David,Right Foot,Penalty,108,40,Goal,0.7835,120,37,Normal,inside
Federico Valverde,Right Foot,Penalty,108,40,Goal,0.7835,120,36.6,Normal,inside
Moise Bombito,Right Foot,Penalty,107.9,40,Goal,0.7835,120,42.1,Normal,inside
Rodrigo Bentancur,Right Foot,Penalty,108.1,40,Goal,0.7835,120,36.5,Normal,inside
Ismael Koné,Right Foot,Penalty,108,40,Saved,0.7835,119,37.3,Normal,inside
Giorgian De Arrascaeta,Right Foot,Penalty,108.1,40,Goal,0.7835,120,40.7,Normal,inside
Mathieu Choinière,Right Foot,Penalty,108,40,Goal,0.7835,120,36.9,Normal,inside
Luis Suárez,Right Foot,Penalty,108,40,Goal,0.7835,120,43.6,Normal,inside
Alphonso Davies,Left Foot,Penalty,108,40,Post,0.7835,120,40.3,Normal,inside
Jhon Arias,Right Foot,Open Play,97.9,53.9,Off T,0.028679429,120,46.7,Normal,outside
Daniel Muñoz,Head,Open Play,109.4,46.1,Off T,0.03315231,120,34.5,Normal,inside
Jefferson Lerma,Right Foot,Open Play,85.8,39.6,Off T,0.02149545,120,32.5,Normal,outside
Darwin Núñez,Left Foot,Open Play,103.5,44.4,Off T,0.19758813,120,35.1,Normal,inside
Darwin Núñez,Right Foot,Open Play,108,55,Off T,0.06373397,120,30.2,Normal,inside
Darwin Núñez,Left Foot,Open Play,115.3,24.6,Wayward,0.010765386,115.4,50.7,Volley,inside
Darwin Núñez,Right Foot,Open Play,99.4,38,Off T,0.09206518,120,45.1,Normal,outside
Jhon Córdoba,Head,Open Play,108.7,37.2,Off T,0.07243754,120,51.3,Normal,inside
Jefferson Lerma,Head,Open Play,115.2,33,Goal,0.067956895,120,36.4,Normal,inside
Richard,Left Foot,Open Play,104.9,50.4,Saved,0.09580204,118.8,42.4,Normal,inside
Luis Díaz,Right Foot,Open Play,105.6,27.8,Saved,0.029895175,118.5,36.1,Normal,inside
Jhon Córdoba,Head,Open Play,112.9,43.7,Off T,0.07621291,120,50.6,Normal,inside
Nicolás De La Cruz,Right Foot,Open Play,97.3,48.7,Saved,0.049437035,117,40.1,Normal,outside
Luis Suárez,Right Foot,Open Play,104.3,45.5,Post,0.0821633,120,44,Normal,inside
Federico Valverde,Right Foot,Open Play,99.2,30,Off T,0.03820826,120,35.2,Normal,outside
Manuel Ugarte,Right Foot,Open Play,92.8,43.1,Blocked,0.026881557,104,41.6,Normal,outside
José Giménez,Head,Open Play,111.7,38.7,Off T,0.067560256,120,28.6,Normal,inside
Mateus Uribe,Right Foot,Open Play,106,45.8,Off T,0.3295041,120,34.9,Normal,inside
Maximiliano Araújo,Left Foot,Open Play,96.4,28.4,Saved,0.03168038,119.1,36.6,Normal,outside
Mateus Uribe,Right Foot,Open Play,105.4,41,Saved to Post,0.4110613,113.2,40.1,Normal,inside
José Giménez,Right Foot,Open Play,106.9,35.8,Off T,0.09448011,120,28.3,Half Volley,inside
Jefferson Lerma,Right Foot,Open Play,58.9,68.3,Off T,0.005763508,120,47.3,Normal,outside
Jacob Shaffelburg,Left Foot,Open Play,108.6,25.4,Off T,0.032336574,120,35.7,Normal,inside
Jacob Shaffelburg,Left Foot,Open Play,106.2,26.7,Off T,0.07142339,120,49.9,Normal,inside
Lionel Messi,Left Foot,Open Play,100.6,48.6,Off T,0.037127987,120,45,Normal,outside
Alphonso Davies,Left Foot,Open Play,98,44.3,Blocked,0.030869147,99.8,44,Normal,outside
Julián Álvarez,Right Foot,Open Play,51.6,51,Off T,0.004420837,120,56.1,Lob,outside
Julián Álvarez,Right Foot,Open Play,107.5,42.5,Goal,0.5301857,120,39.8,Normal,inside
Ángel Di María,Left Foot,Open Play,100.7,58.9,Off T,0.023008127,120,35.5,Lob,outside
Nicolás Tagliafico,Left Foot,Open Play,106,26.3,Blocked,0.074080415,107.1,27.4,Normal,inside
Lisandro Martínez,Head,Open Play,110.3,49.8,Off T,0.025852688,120,44.6,Normal,inside
Lionel Messi,Right Foot,Open Play,105.8,34.5,Off T,0.07208383,120,34.7,Normal,inside
Lionel Messi,Left Foot,Open Play,99.9,36.1,Off T,0.051793475,120,42,Normal,outside
Jonathan David,Left Foot,Open Play,117.9,46.7,Saved,0.16585685,118.6,44.8,Half Volley,inside
Enzo Fernandez,Right Foot,Open Play,103.8,38,Blocked,0.1284656,114.6,41.1,Normal,inside
Lionel Messi,Left Foot,Open Play,114.9,41.2,Goal,0.59696823,120,41,Volley,inside
Julián Álvarez,Right Foot,Open Play,103.1,50,Saved,0.21224818,111.9,44.6,Normal,inside
Ismael Koné,Left Foot,Open Play,93.1,44,Off T,0.035827123,120,30.7,Normal,outside
Ismael Koné,Right Foot,Open Play,99.5,42.6,Blocked,0.04368048,105.1,43.5,Normal,outside
Liam Millar,Right Foot,Open Play,94.8,46.7,Off T,0.03551408,120,46.3,Normal,outside
Tanitoluwa Oluwaseyi,Left Foot,Open Play,102.6,35.8,Saved,0.1368422,114.9,38.7,Normal,inside
Tanitoluwa Oluwaseyi,Head,Open Play,108.7,41.9,Off T,0.124837294,120,45.5,Normal,inside
Jhon Córdoba,Head,Open Play,113.9,41,Goal,0.3861668,120,36.9,Diving Header,inside
José Fajardo Nelson,Left Foot,Open Play,101.4,44.2,Off T,0.06777355,120,32.7,Normal,outside
James Rodríguez,Left Foot,Penalty,108.1,40.1,Goal,0.7835,120,42.8,Normal,inside
Christian Martínez,Right Foot,Open Play,104.1,29.5,Blocked,0.051311065,104.9,30,Normal,inside
Roderick Miller,Head,Open Play,112.9,39.2,Post,0.11385643,120,44,Normal,inside
Roderick Miller,Head,Open Play,111,29.9,Off T,0.038880628,120,34.3,Normal,inside
Jhon Arias,Left Foot,Open Play,107.7,26.9,Blocked,0.034939244,109,28.1,Normal,inside
Jovani Welch,Right Foot,Open Play,83.4,47.2,Saved,0.00614207,115.9,41.1,Normal,outside
César Blackman,Right Foot,Open Play,96.7,38.1,Blocked,0.029990787,98.1,38.1,Normal,outside
Édgar Yoel Bárcenas,Right Foot,Free Kick,92.8,41.2,Blocked,0.0595853,103.2,42,Normal,outside
Luis Díaz,Right Foot,Open Play,97.2,39.6,Goal,0.15287241,120,42.5,Lob,outside
Eduardo Antonio Guerrero Lozcano,Right Foot,Open Play,110.6,57.2,Off T,0.013118277,120,24.1,Normal,inside
Edgardo Isaac Fariña Wynter,Right Foot,Open Play,92.2,52.8,Off T,0.021717247,120,43.1,Normal,outside
Richard,Right Foot,Open Play,95.4,27,Blocked,0.023777517,100.7,29.5,Normal,outside
Richard,Right Foot,Open Play,92.1,54.5,Goal,0.015648533,120,36.7,Normal,outside
Erick Davis,Left Foot,Free Kick,91.4,34,Off T,0.04029999,120,37.1,Normal,outside
Abdiel Ayarza,Head,Open Play,107.4,39.6,Blocked,0.048890207,109.3,39.8,Normal,inside
Michael Murillo,Right Foot,Open Play,96.1,50,Saved,0.04649593,116.4,40,Normal,outside
Jovani Welch,Right Foot,Open Play,98,24.7,Off T,0.024956783,120,44.6,Normal,outside
Abdiel Ayarza,Left Foot,Open Play,101.6,44.7,Off T,0.04693332,120,39.8,Half Volley,outside
Miguel Borja,Right Foot,Penalty,108,40,Goal,0.7835,120,43,Normal,inside
Raphinha,Left Foot,Free Kick,90.9,50.3,Blocked,0.036236256,100,47.5,Normal,outside
Manuel Ugarte,Right Foot,Open Play,93.3,35.8,Wayward,0.016443556,107.5,37.9,Volley,outside
Darwin Núñez,Head,Open Play,107.3,36.4,Blocked,0.038075346,110.7,38,Normal,inside
Mathías Olivera,Head,Open Play,113.9,42.6,Off T,0.14777625,120,38.5,Normal,inside
Darwin Núñez,Head,Open Play,113.1,36.8,Off T,0.1702761,120,41.4,Normal,inside
Raphinha,Right Foot,Open Play,103.4,44.7,Saved,0.37832454,111.6,43.3,Normal,inside
Rodrygo,Right Foot,Free Kick,93.5,46,Blocked,0.056309342,102.9,44.2,Normal,outside
Nicolás De La Cruz,Right Foot,Open Play,93.2,61.1,Wayward,0.00842821,105.4,45,Normal,outside
Raphinha,Left Foot,Open Play,100.6,40.7,Saved,0.1031144,105.7,41.1,Half Volley,outside
Federico Valverde,Right Foot,Open Play,93.5,53.5,Saved,0.014634685,117.2,40.5,Half Volley,outside
Darwin Núñez,Left Foot,Open Play,113.7,51.2,Blocked,0.06552414,115.2,45.3,Normal,inside
Sebastián Cáceres,Head,Open Play,113.2,42.1,Blocked,0.08991297,114.1,41.6,Normal,inside
Maximiliano Araújo,Left Foot,Open Play,103.9,20.7,Off T,0.008368154,120,32.7,Half Volley,inside
Maximiliano Araújo,Left Foot,Open Play,95.7,31.8,Off T,0.036541566,120,34.6,Normal,outside
Federico Valverde,Right Foot,Open Play,93.6,58,Off T,0.008586541,120,43,Normal,outside
Lucas Paquetá,Left Foot,Open Play,94.3,43.6,Blocked,0.030999025,104.8,43.3,Normal,outside
Rodrygo,Right Foot,Free Kick,88.4,34.5,Blocked,0.025375988,97.9,35.4,Normal,outside
Endrick,Left Foot,Open Play,95.2,44.4,Saved,0.045515202,116.4,42.9,Normal,outside
Federico Valverde,Right Foot,Free Kick,87.8,37.2,Blocked,0.025268784,98.1,37.8,Normal,outside
Federico Valverde,Right Foot,Penalty,108.1,40.1,Goal,0.7835,120,36.8,Normal,inside
Éder Militão,Right Foot,Penalty,108.1,40.1,Saved,0.7835,118.9,42.4,Normal,inside
Rodrigo Bentancur,Right Foot,Penalty,108.1,40.1,Goal,0.7835,120,43.3,Normal,inside
Andreas Pereira,Right Foot,Penalty,108.1,40.1,Goal,0.7835,120,36.5,Normal,inside
Giorgian De Arrascaeta,Right Foot,Penalty,108.1,40.1,Goal,0.7835,120,38.2,Normal,inside
Douglas Luiz,Right Foot,Penalty,108.1,40.1,Post,0.7835,120,36.1,Normal,inside
José Giménez,Right Foot,Penalty,108.1,40.1,Saved,0.7835,120,42.5,Normal,inside
Gabriel Martinelli,Right Foot,Penalty,108.1,40.1,Goal,0.7835,120,42.2,Normal,inside
Manuel Ugarte,Right Foot,Penalty,108.1,40.1,Goal,0.7835,120,42,Normal,inside
Alejandro Garnacho,Right Foot,Open Play,104.5,28.8,Blocked,0.0481728,106.1,29.9,Normal,inside
Carlos Zambrano,Head,Open Play,108.8,56,Off T,0.022370104,120,43.6,Normal,inside
Leandro Paredes,Right Foot,Free Kick,91.1,30.1,Saved,0.03344981,119.6,37.6,Normal,outside
Germán Pezzella,Head,Open Play,107.4,36.3,Off T,0.022256063,120,30.5,Normal,inside
Wilder Cartagena,Right Foot,Open Play,96.1,60,Blocked,0.007564963,103.9,53.4,Half Volley,outside
Ángel Di María,Left Foot,Open Play,100.2,57.6,Saved,0.022607885,119.2,42.7,Normal,outside
Giovani Lo Celso,Left Foot,Open Play,107.6,40.7,Saved,0.09750012,119.3,40.6,Normal,inside
Alejandro Garnacho,Right Foot,Open Play,105.3,28.3,Off T,0.07450442,120,45.1,Normal,inside
Lautaro Martínez,Right Foot,Open Play,106.1,47,Goal,0.343117,120,40.9,Lob,inside
Marcos López,Left Foot,Open Play,90.2,30.5,Saved,0.020770706,119.3,37.7,Normal,outside
Carlos Zambrano,Head,Open Play,107.3,45.2,Wayward,0.023530584,110.3,40.8,Normal,inside
Leandro Paredes,Right Foot,Penalty,108,40,Post,0.7835,120,44,Normal,inside
Lautaro Martínez,Right Foot,Open Play,107.7,42.3,Blocked,0.087158285,109,42.1,Half Volley,inside
Enzo Fernandez,Right Foot,Open Play,103.7,26.5,Off T,0.05281858,120,35.1,Normal,inside
Lautaro Martínez,Left Foot,Open Play,107,29.6,Saved,0.1792027,115.2,36.2,Normal,inside
Lautaro Martínez,Right Foot,Open Play,107.3,32.6,Goal,0.36148915,120,39.9,Lob,inside
Franco Zanelatto,Head,Open Play,108.2,34.1,Post,0.057872847,120,35.9,Normal,inside
Gianluca Lapadula Vargas,Left Foot,Open Play,63.9,34.8,Off T,0.004001445,120,37.6,Lob,outside
Jesús Castillo,Right Foot,Open Play,99.6,29.9,Blocked,0.030511705,104.1,31.6,Half Volley,outside
Giorgian De Arrascaeta,Right Foot,Open Play,98.4,25,Off T,0.02650812,120,34.3,Normal,outside
Federico Valverde,Right Foot,Open Play,95,47.3,Wayward,0.01963206,107.5,39.9,Volley,outside
Mathías Olivera,Head,Open Play,106.5,39.9,Blocked,0.057666644,109.6,40.7,Normal,inside
Darwin Núñez,Right Foot,Open Play,101.1,37.4,Blocked,0.05828208,103.7,38.1,Normal,outside
Ronald Araújo,Head,Open Play,109.6,37.1,Off T,0.04189841,120,42,Normal,inside
Adalberto Carrasquilla,Left Foot,Open Play,89.1,31.4,Saved,0.028493105,115.1,38.9,Normal,outside
Maximiliano Araújo,Head,Open Play,108.8,43.9,Off T,0.070025325,120,33.1,Normal,inside
Maximiliano Araújo,Left Foot,Open Play,101.1,26.2,Goal,0.040836003,120,43.5,Normal,outside
Darwin Núñez,Right Foot,Open Play,101.2,21.1,Saved,0.009347224,118.1,37,Normal,outside
Giorgian De Arrascaeta,Head,Open Play,109,43.3,Saved,0.076751575,119.2,39.2,Normal,inside
Maximiliano Araújo,Left Foot,Open Play,112.7,33.3,Saved,0.13748012,115.7,35.8,Half Volley,inside
Manuel Ugarte,Right Foot,Open Play,103.3,36.1,Blocked,0.08452085,108.3,37.7,Normal,inside
Darwin Núñez,Right Foot,Open Play,108.4,42,Saved,0.17982744,118,41.5,Half Volley,inside
José Fajardo Nelson,Right Foot,Open Play,94.7,34.7,Off T,0.03579944,120,45.7,Normal,outside
José Fajardo Nelson,Right Foot,Open Play,105.7,44.2,Wayward,0.052841816,107.8,39.1,Overhead Kick,inside
Darwin Núñez,Head,Open Play,113.9,35.9,Off T,0.13788295,120,48.4,Normal,inside
Federico Valverde,Right Foot,Open Play,88.9,25.9,Blocked,0.004379976,90,26.5,Normal,outside
José Fajardo Nelson,Right Foot,Open Play,106.4,54.5,Off T,0.087863006,120,45.9,Normal,inside
Roderick Miller,Head,Open Play,113.6,48.7,Off T,0.09082936,120,37.9,Normal,inside
José Rodríguez,Left Foot,Open Play,95.4,49.9,Off T,0.027473085,120,32.1,Normal,outside
José Rodríguez,Left Foot,Open Play,96.7,29.4,Saved,0.029238852,117.8,36.7,Normal,outside
Adalberto Carrasquilla,Left Foot,Open Play,97.4,43.7,Off T,0.03672279,120,33.7,Volley,outside
Federico Valverde,Right Foot,Open Play,94,25.7,Off T,0.020795967,120,45.7,Normal,outside
Federico Valverde,Right Foot,Open Play,109.7,50.1,Wayward,0.14185497,118,0.1,Normal,inside
Nicolás De La Cruz,Right Foot,Open Play,98.4,27.1,Off T,0.050415203,120,37.7,Normal,outside
Michael Murillo,Right Foot,Free Kick,97.4,32.3,Off T,0.07558904,120,37.8,Normal,outside
Maximiliano Araújo,Head,Open Play,110.4,32,Blocked,0.038855,112,33.5,Normal,inside
Darwin Núñez,Left Foot,Open Play,109.4,33.5,Goal,0.092181236,120,37.6,Volley,inside
Matías Viña,Head,Open Play,107.7,41.6,Goal,0.07229959,120,37,Normal,inside
Michael Murillo,Left Foot,Open Play,106.6,52.2,Goal,0.07603763,120,37.1,Normal,inside
Jonathan David,Right Foot,Open Play,77.6,60.8,Blocked,0.009542614,114.7,44.2,Lob,outside
Cyle Larin,Right Foot,Open Play,111.3,54.7,Blocked,0.054002397,116.4,47.6,Half Volley,inside
Jacob Shaffelburg,Right Foot,Open Play,113.1,45.3,Goal,0.15177043,120,43.2,Volley,inside
Richie Laryea,Left Foot,Open Play,99.5,49.9,Blocked,0.042074263,102.9,47.6,Normal,outside
Salomón Rondón,Head,Open Play,109,41.5,Off T,0.07880193,120,33.1,Normal,inside
Salomón Rondón,Right Foot,Open Play,92.1,44.2,Off T,0.041704517,120,50.5,Normal,outside
Salomón Rondón,Head,Open Play,114.3,34.3,Saved,0.128787,119.4,40,Normal,inside
Yeferson Soteldo,Right Foot,Open Play,93.9,36.5,Off T,0.03284804,120,46.4,Normal,outside
Jacob Shaffelburg,Right Foot,Open Play,102.5,40.3,Saved,0.065469265,118.7,42.8,Normal,inside
Yordan Osorio,Head,Open Play,111.9,38.7,Wayward,0.0825795,114.9,41.7,Normal,inside
Jonathan David,Right Foot,Open Play,102.3,41.7,Off T,0.34866372,120,46.2,Normal,inside
Yordan Osorio,Head,Open Play,112.2,44,Blocked,0.07829196,113.1,43.9,Normal,inside
Yangel Herrera,Right Foot,Open Play,109.1,17.7,Off T,0.007480312,120,29.4,Normal,outside
Richie Laryea,Right Foot,Open Play,110.8,52,Off T,0.05923465,120,34.3,Normal,inside
Salomón Rondón,Head,Open Play,114.5,34,Blocked,0.08970258,115.1,34.4,Normal,inside
Yeferson Soteldo,Right Foot,Open Play,102.9,32.8,Blocked,0.05245469,105.1,33.3,Half Volley,inside
Cyle Larin,Right Foot,Open Play,105.4,44,Off T,0.1635898,120,42.8,Normal,inside
José Martínez,Right Foot,Open Play,110.5,48.9,Off T,0.123976834,120,44.7,Normal,inside
Eduard Bello,Left Foot,Open Play,117.8,27.6,Saved,0.010347759,119.1,35.8,Volley,inside
Salomón Rondón,Right Foot,Open Play,71,33.7,Goal,0.019038264,120,40.3,Lob,outside
Liam Millar,Right Foot,Open Play,105.9,28,Saved,0.057872258,117.9,37.8,Normal,inside
Liam Millar,Right Foot,Open Play,116.8,27.6,Saved,0.026514582,118.7,34.6,Normal,inside
Jonathan David,Right Foot,Open Play,98.8,22.8,Off T,0.024432737,120,45.7,Normal,outside
Jhonder Cádiz,Left Foot,Open Play,98.8,37.2,Off T,0.05457485,120,36.2,Half Volley,outside
Tanitoluwa Oluwaseyi,Left Foot,Open Play,103.7,29.3,Off T,0.084993035,120,37.4,Normal,inside
Jhonder Cádiz,Right Foot,Open Play,110.9,24.4,Blocked,0.04166387,111.3,25.2,Normal,inside
Tanitoluwa Oluwaseyi,Left Foot,Open Play,111.9,48.5,Off T,0.12776527,120,36.5,Lob,inside
Miguel Ángel Navarro,Left Foot,Open Play,109.2,27.5,Off T,0.07980639,120,39.9,Half Volley,inside
Alistair Johnston,Right Foot,Open Play,110.9,58,Saved,0.011283025,119.1,44.7,Normal,inside
Ali Ahmed,Right Foot,Open Play,104.4,51.3,Off T,0.06594838,120,30.8,Normal,inside
Ismael Koné,Right Foot,Open Play,99.4,31.7,Off T,0.059437577,120,46.3,Normal,outside
Salomón Rondón,Right Foot,Penalty,108.1,40.1,Goal,0.7835,120,42.7,Normal,inside
Jonathan David,Right Foot,Penalty,108.1,40.1,Goal,0.7835,120,43.4,Normal,inside
Yangel Herrera,Right Foot,Penalty,107.8,40.1,Post,0.7835,120,36.1,Normal,inside
Liam Millar,Right Foot,Penalty,107.9,40.1,Off T,0.7835,120,42.5,Normal,inside
Tomás Rincón,Right Foot,Penalty,108.1,40.1,Goal,0.7835,120,38.9,Normal,inside
Moise Bombito,Right Foot,Penalty,107.9,40.1,Goal,0.7835,120,42.6,Normal,inside
Jefferson Savarino,Right Foot,Penalty,108.1,40.1,Saved to Post,0.7835,119.4,37.5,Normal,inside
Stephen Antunes Eustáquio,Right Foot,Penalty,107.8,40.1,Saved,0.7835,120,42.1,Normal,inside
Jhonder Cádiz,Right Foot,Penalty,108.1,40.1,Goal,0.7835,120,42.5,Normal,inside
Alphonso Davies,Left Foot,Penalty,107.8,40.1,Goal,0.7835,120,42,Normal,inside
Wílker Ángel,Right Foot,Penalty,107.9,40.1,Saved,0.7835,119.1,42.6,Normal,inside
Ismael Koné,Right Foot,Penalty,107.5,40.1,Goal,0.7835,120,38.1,Normal,inside
Jeremy Sarmiento,Right Foot,Open Play,114.4,31,Saved,0.119090974,116.2,33.9,Normal,inside
Kendry Páez,Right Foot,Open Play,102.6,37,Off T,0.063534886,120,41.2,Normal,inside
Angelo Preciado,Right Foot,Open Play,113.9,48,Off T,0.087274924,120,39.9,Volley,inside
Enzo Fernandez,Head,Open Play,106.2,36.7,Off T,0.02539963,120,45.8,Normal,inside
Enzo Fernandez,Right Foot,Open Play,104.5,50.4,Blocked,0.08614714,108.9,46.8,Normal,inside
Lisandro Martínez,Head,Open Play,117.4,34.7,Goal,0.37721914,120,39.3,Normal,inside
Enzo Fernandez,Left Foot,Open Play,107.7,29.4,Wayward,0.079341225,120,60.4,Half Volley,inside
Lautaro Martínez,Left Foot,Open Play,106,33.8,Off T,0.04993724,120,33,Volley,inside
Alan Franco,Head,Open Play,113.6,30.6,Blocked,0.05331348,114.3,31.7,Diving Header,inside
Enner Valencia,Right Foot,Penalty,108.1,40.1,Post,0.7835,120,36.1,Normal,inside
Lionel Messi,Right Foot,Open Play,108.5,29.7,Saved,0.11635901,117.9,37.2,Half Volley,inside
Lisandro Martínez,Left Foot,Open Play,102.5,36.8,Blocked,0.062190935,109.1,38.5,Volley,inside
Lisandro Martínez,Right Foot,Open Play,103.1,39.1,Wayward,0.06264355,109.2,46.7,Half Volley,inside
Ángel Mena,Left Foot,Free Kick,91.9,38.3,Blocked,0.05211886,102.3,37.7,Normal,outside
Jordy Josué Caicedo Medina,Left Foot,Open Play,113.3,25.3,Off T,0.01487915,120,35,Normal,inside
Kevin José Rodríguez Cortez,Head,Open Play,107.5,45.4,Goal,0.029018562,120,37.1,Normal,inside
Jordy Josué Caicedo Medina,Head,Open Play,113.3,37.3,Off T,0.18579678,120,47,Normal,inside
Lionel Messi,Left Foot,Penalty,108.1,40.1,Post,0.7835,120,39.2,Normal,inside
Ángel Mena,Left Foot,Penalty,108.1,40.1,Saved,0.7835,119,42.7,Normal,inside
Julián Álvarez,Right Foot,Penalty,108.1,40.1,Goal,0.7835,120,43.3,Normal,inside
Alan Steve Minda García,Right Foot,Penalty,108.1,40.1,Saved,0.7835,119.3,37.9,Normal,inside
Alexis MacAllister,Right Foot,Penalty,108.1,40.1,Goal,0.7835,120,43.6,Normal,inside
John Yeboah,Left Foot,Penalty,108.1,40.1,Goal,0.7835,120,43.4,Normal,inside
Gonzalo Montiel,Right Foot,Penalty,108.1,40.1,Goal,0.7835,120,42.8,Normal,inside
Jordy Josué Caicedo Medina,Right Foot,Penalty,108.1,40.1,Goal,0.7835,120,38.8,Normal,inside
Nicolás Otamendi,Right Foot,Penalty,108.1,40.1,Goal,0.7835,120,37,Normal,inside
Derek Cornelius,Left Foot,Open Play,107.7,47.4,Blocked,0.042415738,108.9,46.9,Volley,inside
Cyle Larin,Head,Open Play,111.1,43.2,Saved,0.06695757,118.5,42.6,Normal,inside
Víctor Dávila,Left Foot,Open Play,105.3,35.5,Off T,0.041588385,120,45.3,Overhead Kick,inside
Cyle Larin,Right Foot,Open Play,102.8,50.1,Off T,0.07895038,120,49.1,Normal,inside
Alphonso Davies,Left Foot,Free Kick,102.1,63.9,Blocked,0.007882138,107.7,56.2,Normal,outside
Marcelino Núñez,Right Foot,Free Kick,93.7,24.1,Saved,0.022303076,119,42.4,Normal,outside
Jonathan David,Right Foot,Open Play,99.8,35.1,Wayward,0.17743298,118.7,45.8,Lob,outside
Stephen Antunes Eustáquio,Left Foot,Open Play,102.2,36.6,Saved,0.07708228,107.7,37.3,Half Volley,inside
Rodrigo Echeverría,Head,Open Play,114.4,35.3,Blocked,0.124521755,116,37,Normal,inside
Igor Lichnovsky,Head,Open Play,112.3,41.4,Saved,0.123563804,119.3,38.6,Normal,inside
Richie Laryea,Right Foot,Open Play,106.7,54.5,Blocked,0.033056907,108.8,52.4,Half Volley,inside
Víctor Dávila,Left Foot,Open Play,100.3,45.2,Wayward,0.041495215,107.5,34.7,Volley,outside
Rodrigo Echeverría,Head,Open Play,107,39.4,Saved,0.05926139,119,40.1,Normal,inside
Liam Millar,Right Foot,Open Play,104,20.1,Off T,0.019960493,120,46.4,Normal,inside
Alexis Sánchez,Right Foot,Open Play,107.1,56.9,Saved,0.014125056,119.2,38.9,Normal,inside
Tajon Buchanan,Right Foot,Open Play,110.9,49.3,Saved,0.19575536,116.3,44.1,Normal,inside
César Ignacio Pérez Maldonado,Right Foot,Open Play,90.5,49.6,Blocked,0.027150622,91.5,49.2,Normal,outside
Luis Díaz,Other,Open Play,110.4,38.5,Off T,0.06460637,120,43.9,Normal,inside
Davinson Sánchez,Head,Open Play,113.7,43.4,Blocked,0.10109383,114.1,43.3,Normal,inside
James Rodríguez,Left Foot,Open Play,103.3,33.8,Saved,0.08969858,117.8,41.8,Normal,inside
Davinson Sánchez,Head,Open Play,114.4,37.9,Wayward,0.15712082,118.2,33,Normal,inside
Jhon Córdoba,Head,Open Play,114.4,37.5,Wayward,0.13556544,119.3,33,Normal,inside
Ariel Lassiter,Left Foot,Open Play,93.1,30,Blocked,0.017024327,95.3,31,Normal,outside
Warren Steven Madrigal Molina,Right Foot,Open Play,105.5,33.8,Off T,0.06438721,120,47.9,Half Volley,inside
Luis Díaz,Right Foot,Penalty,108.1,40.1,Goal,0.7835,120,43.4,Normal,inside
Orlando Moisés Galo Calderón,Right Foot,Open Play,91.8,51.2,Off T,0.019675683,120,42.3,Normal,outside
Richard,Right Foot,Open Play,90.8,54.5,Blocked,0.011506717,99.8,51,Normal,outside
Jefferson Lerma,Head,Open Play,112.9,35.8,Blocked,0.06692195,113.1,36.5,Normal,inside
Davinson Sánchez,Head,Open Play,116.8,40.2,Off T,0.7029356,120,31.1,Diving Header,inside
Orlando Moisés Galo Calderón,Left Foot,Open Play,95.3,45.6,Off T,0.0359637,120,48.7,Normal,outside
Luis Díaz,Left Foot,Open Play,109.7,34.3,Blocked,0.11058151,112.2,35.6,Normal,inside
Johan Mojica,Left Foot,Open Play,108.6,29.3,Wayward,0.061551858,106.8,39.9,Half Volley,inside
Davinson Sánchez,Head,Open Play,112.7,40.4,Goal,0.08553727,120,43.5,Normal,inside
Jhon Córdoba,Right Foot,Open Play,113.5,51.8,Goal,0.14756025,120,36.5,Normal,inside
Jhon Arias,Right Foot,Open Play,92.7,34.4,Blocked,0.029722635,97,35.6,Normal,outside
Jhon Córdoba,Right Foot,Open Play,102.5,40.1,Blocked,0.060599335,103.5,40,Half Volley,inside
Kevin Duvan Castaño Gil,Right Foot,Open Play,99.4,43.9,Saved,0.075598486,118.2,41.7,Normal,outside
Yáser Asprilla,Left Foot,Open Play,101.5,44.8,Off T,0.18363117,120,35.5,Normal,outside
Yáser Asprilla,Left Foot,Open Play,92.6,43.4,Blocked,0.034582872,99.3,42.8,Normal,outside
Jefferson Brenes Rojas,Right Foot,Open Play,103.8,55.8,Off T,0.028247055,120,37.4,Normal,inside
Édgar Yoel Bárcenas,Right Foot,Open Play,106.6,42,Off T,0.062989265,120,38,Overhead Kick,inside
Chris Richards,Head,Open Play,110.9,39.8,Saved to Post,0.07812195,118.6,41.7,Normal,inside
Folarin Balogun,Left Foot,Open Play,102.5,26.8,Goal,0.04702855,120,44.1,Normal,inside
César Blackman,Right Foot,Open Play,99.5,43,Blocked,0.054867465,100.3,43,Normal,outside
César Blackman,Left Foot,Open Play,101.6,37.7,Goal,0.055388477,120,36.9,Normal,outside
César Blackman,Right Foot,Open Play,109,54.2,Blocked,0.04021207,109.8,53.1,Normal,inside
Édgar Yoel Bárcenas,Left Foot,Open Play,102.7,40.4,Blocked,0.084902525,103.9,40.3,Normal,inside
Edgardo Isaac Fariña Wynter,Head,Open Play,110.8,44,Blocked,0.055704698,111.4,43.9,Normal,inside
Eduardo Antonio Guerrero Lozcano,Left Foot,Open Play,98.5,51.1,Blocked,0.021480177,100.3,50.3,Normal,outside
Weston McKennie,Head,Open Play,113.1,39.6,Off T,0.14092734,120,25.1,Normal,inside
Christian Martínez,Right Foot,Open Play,89.4,46.8,Blocked,0.014266845,90.7,46.5,Normal,outside
Edgardo Isaac Fariña Wynter,Right Foot,Open Play,88.7,47.2,Saved,0.019484911,117.2,40.9,Normal,outside
Folarin Balogun,Right Foot,Open Play,112.2,22.6,Off T,0.009022019,120,47.4,Normal,inside
Michael Murillo,Right Foot,Open Play,106.5,51,Saved,0.06588405,117.4,43.8,Normal,inside
Ricardo Daniel Pepi,Head,Open Play,117.1,35.9,Saved,0.53785944,118.9,38.1,Normal,inside
Abdiel Ayarza,Right Foot,Open Play,85.2,33.7,Off T,0.011237851,120,28.4,Normal,outside
Édgar Yoel Bárcenas,Left Foot,Open Play,95.6,51.3,Blocked,0.026957639,105.3,46.7,Normal,outside
José Fajardo Nelson,Right Foot,Open Play,111.3,45.1,Goal,0.21740662,120,42.9,Half Volley,inside
Chris Richards,Head,Open Play,115.3,33.4,Off T,0.10131924,120,38.4,Normal,inside
Francisco Calvo,Head,Open Play,112.3,40.4,Goal,0.23077281,120,43.4,Normal,inside
Josimar Alcócer,Right Foot,Open Play,93.6,29.1,Goal,0.04128174,120,36.3,Normal,outside
Ramón Sosa,Left Foot,Open Play,94.4,46.3,Blocked,0.031543158,97.1,45.8,Normal,outside
Julio Enciso,Left Foot,Open Play,92.9,34.2,Off T,0.030272504,120,36.9,Normal,outside
Julio Enciso,Right Foot,Open Play,95.9,44.3,Saved,0.033714645,119.4,37.5,Normal,outside
Damián Josué Bobadilla Benítez,Right Foot,Open Play,94.4,50.6,Off T,0.02353331,120,34.5,Normal,outside
Mathías Adalberto Villasanti Rolón,Head,Open Play,110.4,46,Wayward,0.13156448,112.2,37.9,Normal,inside
Ramón Sosa,Right Foot,Open Play,104.4,26.3,Goal,0.054733403,120,43.2,Normal,inside
Julio Enciso,Right Foot,Open Play,83.6,35.5,Off T,0.005681199,120,45.4,Normal,outside
Ángel Romero,Left Foot,Open Play,100.3,41.3,Blocked,0.059779733,106.2,40.9,Normal,outside
Ramón Sosa,Left Foot,Open Play,107.6,25.3,Saved,0.048876952,119.3,36.1,Normal,inside
Fabián Balbuena,Head,Open Play,114.9,32.7,Saved,0.076058485,119.2,38.3,Normal,inside
Julio Enciso,Right Foot,Open Play,89,28.5,Saved,0.01456732,118.6,39.6,Normal,outside
Ángel Romero,Right Foot,Free Kick,96.8,46.7,Blocked,0.07270941,107.6,45.2,Normal,outside
Omar Alderete,Left Foot,Open Play,96.4,38,Blocked,0.04512406,100.1,38.2,Normal,outside
Julio Enciso,Head,Open Play,108.2,44.7,Wayward,0.09697982,111,39.8,Diving Header,inside
Fabián Balbuena,Head,Open Play,114.3,46.8,Wayward,0.084786765,115.3,40,Normal,inside
Ángel Romero,Right Foot,Open Play,115.6,38.4,Saved,0.49649954,119.3,39.3,Half Volley,inside
Julio Enciso,Head,Open Play,113.9,38.2,Blocked,0.13363792,114.5,38.5,Normal,inside
James Rodríguez,Left Foot,Free Kick,88.9,51.5,Post,0.020332433,120,42,Normal,outside
Bruno Guimarães,Left Foot,Open Play,97.2,37.1,Blocked,0.034696564,102,37.1,Volley,outside
Bruno Guimarães,Right Foot,Open Play,97.3,41.2,Saved,0.05629448,119,37.7,Normal,outside
Raphinha,Left Foot,Free Kick,92,51.3,Goal,0.040516097,120,43.4,Normal,outside
James Rodríguez,Left Foot,Open Play,111.9,27.2,Off T,0.066385366,120,37.1,Volley,inside
Richard,Right Foot,Open Play,95.7,46.7,Saved,0.029516274,118.7,42.2,Normal,outside
James Rodríguez,Left Foot,Free Kick,101.7,3.3,Saved,0.00835395,119,38.4,Normal,outside
Richard,Right Foot,Open Play,101.8,51.4,Blocked,0.036095258,111,47.3,Normal,outside
Jefferson Lerma,Head,Open Play,113.5,33.9,Off T,0.06684235,120,34.4,Normal,inside
Luis Díaz,Right Foot,Open Play,101,28.7,Saved,0.13913429,110.7,34.7,Normal,outside
Daniel Muñoz,Right Foot,Open Play,109.7,48.2,Goal,0.46262512,120,43,Normal,inside
Jhon Córdoba,Head,Open Play,114.2,37.1,Off T,0.176081,120,40.4,Normal,inside
Vinícius Júnior,Right Foot,Open Play,98.2,57.7,Off T,0.016413238,120,45.4,Half Volley,outside
Éder Militão,Left Foot,Open Play,106.3,45.1,Blocked,0.065019414,107.4,44.4,Normal,inside
Raphinha,Left Foot,Free Kick,97,52.3,Off T,0.051849823,120,35.6,Normal,outside
Jhon Arias,Left Foot,Open Play,96,46.9,Off T,0.031839676,120,33.6,Half Volley,outside
Jhon Córdoba,Head,Open Play,113.2,35.5,Saved,0.10250635,118.9,38.6,Normal,inside
Jorge Carrascal,Right Foot,Open Play,105.8,54.1,Saved,0.0579185,115.4,43.7,Normal,inside
Rafael Santos Borré Amaury,Right Foot,Open Play,111.5,47.4,Off T,0.30537245,120,40.7,Normal,inside
Andreas Pereira,Right Foot,Open Play,96.8,42.3,Saved,0.041028004,117.8,40.8,Normal,outside
Antonee Robinson,Head,Open Play,104.4,33.1,Saved,0.02780115,115.3,39.6,Normal,inside
Nahitan Nández,Right Foot,Open Play,104.1,52.4,Wayward,0.16986394,113.1,40.5,Lob,inside
Darwin Núñez,Left Foot,Open Play,107.5,33.5,Off T,0.077659674,120,33.6,Half Volley,inside
Facundo Pellistri,Right Foot,Open Play,110.5,48.9,Off T,0.16961518,120,47,Volley,inside
Nicolás De La Cruz,Left Foot,Open Play,99.3,54.6,Blocked,0.027658783,101.2,53.2,Normal,outside
Weston McKennie,Right Foot,Open Play,99,42.3,Off T,0.09649916,120,46.3,Normal,outside
Matías Viña,Head,Open Play,108.4,30,Off T,0.02686126,120,35.1,Normal,inside
Federico Valverde,Right Foot,Open Play,79.8,29.1,Off T,0.005543194,120,34.2,Normal,outside
Ronald Araújo,Head,Open Play,109.2,35.4,Saved,0.039191112,118.1,37.7,Normal,inside
Mathías Olivera,Left Foot,Open Play,116.1,36.2,Goal,0.5379554,120,39,Half Volley,inside
Federico Valverde,Right Foot,Open Play,42.6,12.1,Saved,0.004407367,104.2,31.6,Normal,outside
Christian Pulisic,Right Foot,Open Play,102.1,41.5,Blocked,0.07603246,108.2,41.9,Normal,inside
Nicolás De La Cruz,Left Foot,Open Play,98.4,48.2,Saved,0.04149526,118.5,41.7,Normal,outside
Josh Sargent,Head,Open Play,109.2,42.3,Blocked,0.04050494,110.1,42.1,Normal,inside
Haji Wright,Right Foot,Open Play,106.4,34.7,Saved,0.09185049,118.1,37.3,Normal,inside
Luis Suárez,Right Foot,Open Play,102.7,32.8,Blocked,0.061259374,104.5,33.4,Normal,inside
Facundo Pellistri,Right Foot,Open Play,107.9,44.4,Saved,0.110010594,118.8,43.4,Normal,inside
Christian Pulisic,Right Foot,Open Play,95.1,35.1,Blocked,0.032206345,97.3,35.6,Normal,outside
Christian Pulisic,Right Foot,Open Play,108.9,51.3,Off T,0.050065216,120,41.8,Normal,inside
Malik Tillman,Right Foot,Open Play,102.7,46.2,Blocked,0.05603719,104.8,45.7,Half Volley,inside
Jovani Welch,Right Foot,Open Play,85.1,26.9,Saved,0.005860991,117.9,36.5,Normal,outside
José Ángel Córdoba Chambers,Head,Open Play,104.9,42.6,Off T,0.02188293,120,45.9,Normal,inside
Gabriel Alejandro Villamíl Cortéz,Right Foot,Open Play,103.9,43.6,Blocked,0.08141885,105.3,43.2,Normal,inside
José Fajardo Nelson,Right Foot,Open Play,108.8,34.4,Goal,0.105926,120,37.2,Half Volley,inside
Miguel Ángel Terceros,Left Foot,Open Play,87.7,40.5,Off T,0.024357293,120,45.2,Normal,outside
Miguel Ángel Terceros,Left Foot,Open Play,105.5,25.9,Saved,0.032134682,117.2,37.7,Normal,inside
Gabriel Alejandro Villamíl Cortéz,Head,Open Play,107.8,32.9,Off T,0.03919235,120,46.3,Normal,inside
Édgar Yoel Bárcenas,Left Foot,Open Play,106.5,36,Wayward,0.11715726,115.2,36.5,Half Volley,inside
José Fajardo Nelson,Right Foot,Open Play,94.8,29.5,Off T,0.03166895,120,47.3,Normal,outside
Kahiser Lenis,Left Foot,Open Play,114.6,58.9,Off T,0.009931419,120,25.9,Normal,inside
Christian Martínez,Left Foot,Open Play,102.7,50.6,Saved,0.049834657,118.3,43.1,Half Volley,inside
José Fajardo Nelson,Other,Open Play,114.9,35.1,Off T,0.20411061,120,38.3,Normal,inside
Kahiser Lenis,Left Foot,Open Play,108.4,46.4,Saved,0.3216748,116.8,43.5,Normal,inside
Bruno Miranda,Left Foot,Open Play,108.6,32.2,Goal,0.4246128,120,37.1,Normal,inside
Kahiser Lenis,Left Foot,Open Play,106.3,42.3,Blocked,0.11014635,108,41.7,Normal,inside
Miguel Ángel Terceros,Left Foot,Open Play,103.2,37.4,Saved,0.07960723,118.5,39.3,Half Volley,inside
Miguel Ángel Terceros,Right Foot,Open Play,91.6,53.3,Blocked,0.10654139,108.4,46.7,Normal,outside
Eduardo Antonio Guerrero Lozcano,Head,Open Play,110.9,36.3,Goal,0.22215071,120,42.7,Diving Header,inside
Édgar Yoel Bárcenas,Right Foot,Open Play,101.7,53.1,Blocked,0.029290654,103.9,51.7,Half Volley,outside
César Augusto Yanis Velasco,Right Foot,Open Play,103.2,42.4,Goal,0.11092438,120,42.6,Half Volley,inside
Orbelín Pineda,Right Foot,Open Play,96.5,57.7,Blocked,0.011882489,97.3,57.1,Normal,outside
César Huerta,Left Foot,Open Play,98.2,37.5,Off T,0.057858974,120,34.9,Half Volley,outside
Orbelín Pineda,Right Foot,Open Play,102,57.9,Blocked,0.016744986,103.9,56.2,Normal,inside
Moisés Caicedo,Right Foot,Free Kick,94.3,30.3,Blocked,0.053783152,104.6,36.1,Normal,outside
Kendry Páez,Left Foot,Open Play,92.6,34.4,Saved,0.017840397,118.6,42.5,Half Volley,outside
Julián Quiñones,Right Foot,Open Play,90.8,31.2,Blocked,0.020218736,99.3,32.8,Normal,outside
Luis Chávez,Left Foot,Open Play,104.5,29.2,Blocked,0.055059135,106.7,30.3,Normal,inside
Kendry Páez,Left Foot,Free Kick,113.3,75.6,Saved,0.007625636,119.8,44,Normal,outside
Félix Torres,Head,Open Play,111.6,34.7,Off T,0.05332383,120,33.9,Normal,inside
César Huerta,Head,Open Play,113.5,47.2,Off T,0.08419325,120,43.2,Normal,inside
Jeremy Sarmiento,Right Foot,Open Play,104.8,34.1,Off T,0.058603153,120,46.1,Volley,inside
Luis Romo,Right Foot,Open Play,96.4,50.2,Off T,0.026965009,120,31.5,Normal,outside
Santiago Giménez,Left Foot,Open Play,103.2,38.2,Blocked,0.049390547,104.9,38.3,Normal,inside
Kevin José Rodríguez Cortez,Right Foot,Open Play,114.7,23.3,Blocked,0.008976546,115.1,24.7,Normal,inside
Johan Vásquez,Right Foot,Open Play,94.9,36.3,Blocked,0.020573128,96.1,36.5,Normal,outside
Santiago Giménez,Head,Open Play,111.3,39.8,Off T,0.122489825,120,40.2,Normal,inside
Julián Quiñones,Right Foot,Open Play,115.7,27.6,Blocked,0.021641213,117.5,32.7,Normal,inside
Santiago Giménez,Head,Open Play,117.7,45.4,Off T,0.21465965,120,44.9,Normal,inside
Johan Vásquez,Left Foot,Open Play,88.9,48.5,Blocked,0.0117378,91,47.9,Volley,outside
Luis Romo,Right Foot,Open Play,96.3,39.6,Saved,0.03202505,118.3,41.3,Half Volley,outside
Julián Quiñones,Right Foot,Open Play,95.3,29.9,Saved,0.02915168,117.1,41.5,Normal,outside
Santiago Giménez,Right Foot,Open Play,117.8,49.8,Post,0.034901496,120,43.8,Half Volley,inside
Enner Valencia,Right Foot,Open Play,101.8,60.9,Saved,0.008695965,117.8,43.5,Half Volley,outside
Johan Vásquez,Left Foot,Open Play,84.5,36.4,Saved,0.012776371,118,40.6,Normal,outside
Jorge Sánchez,Left Foot,Open Play,99.3,54,Off T,0.026962081,120,30.8,Normal,outside
Enner Valencia,Right Foot,Open Play,97.1,42.3,Off T,0.0508354,120,32.9,Normal,outside
Enner Valencia,Right Foot,Free Kick,99,55.2,Blocked,0.04616518,106.6,50.2,Normal,outside
Santiago Giménez,Head,Open Play,104.4,45,Saved,0.019855587,117.4,41.9,Normal,inside
Guillermo Martínez Ayala,Left Foot,Open Play,112.7,47.5,Blocked,0.06853958,114,46.3,Half Volley,inside
Michael Hector,Right Foot,Open Play,99.2,48.8,Blocked,0.025376994,112.4,42.7,Volley,outside
Demarai Gray,Right Foot,Open Play,106.1,29.6,Off T,0.06077436,120,48.7,Normal,inside
Salomón Rondón,Head,Open Play,112.8,39.4,Blocked,0.10571951,113.5,39.5,Normal,inside
Darwin Machís,Right Foot,Open Play,100.5,18.8,Off T,0.010060862,120,45.8,Normal,outside
Telasco José Segovia Pérez,Right Foot,Open Play,93,43.8,Off T,0.036402684,120,43.3,Normal,outside
Renaldo Showayne Cephas,Head,Open Play,113,40.7,Off T,0.47344935,120,38.3,Diving Header,inside
Damion Lowe,Head,Open Play,106.3,44.5,Off T,0.01761838,120,31.6,Normal,inside
Yangel Herrera,Right Foot,Open Play,103.1,43,Blocked,0.07951934,106.2,42.7,Normal,inside
José Martínez,Right Foot,Open Play,104,57.7,Wayward,0.028417127,111,45.9,Normal,inside
Renaldo Showayne Cephas,Right Foot,Open Play,98.9,44.1,Off T,0.053111453,120,30.2,Normal,outside
Jon Mikel Aramburu Mejías,Right Foot,Open Play,97,48.7,Off T,0.025802951,120,45.2,Half Volley,outside
Salomón Rondón,Left Foot,Open Play,102.9,40.4,Off T,0.060641095,120,34.9,Half Volley,inside
Michail Antonio,Right Foot,Open Play,90.2,26.7,Off T,0.015231869,120,47.5,Normal,outside
Yangel Herrera,Right Foot,Open Play,102.6,39.3,Blocked,0.030252507,103.3,39.3,Normal,inside
Eduard Bello,Head,Open Play,116.3,44.8,Goal,0.2765872,120,43.1,Normal,inside
Salomón Rondón,Left Foot,Open Play,110.9,36.5,Goal,0.23962331,120,39.8,Normal,inside
Salomón Rondón,Right Foot,Open Play,100.5,44.2,Blocked,0.049242254,102.9,43.4,Half Volley,outside
Yangel Herrera,Right Foot,Open Play,97.8,36,Off T,0.04954869,120,35.2,Normal,outside
Tomás Rincón,Right Foot,Open Play,98.4,43.9,Off T,0.04895626,120,44.6,Half Volley,outside
Salomón Rondón,Left Foot,Open Play,106.4,32.3,Blocked,0.1517406,107,32.6,Normal,inside
Kaheim Dixon,Right Foot,Open Play,107.7,57.7,Saved,0.014485917,116.7,43,Normal,inside
José Martínez,Right Foot,Open Play,91.2,29.9,Off T,0.021166038,120,41.2,Normal,outside
Eric Ramirez,Right Foot,Open Play,102.7,40.2,Goal,0.45877814,120,41.8,Normal,inside
Alex Marshall,Left Foot,Open Play,100.3,63.7,Off T,0.00753652,120,36.9,Normal,outside
Eric Ramirez,Right Foot,Open Play,101.7,29.2,Off T,0.041951418,120,47,Normal,outside
Lucas Paquetá,Left Foot,Open Play,108.4,33,Wayward,0.17851116,108.6,36.3,Half Volley,inside
Gomes,Right Foot,Open Play,94.6,44,Off T,0.031334206,120,43.6,Normal,outside
Julio Enciso,Right Foot,Open Play,114.3,17.3,Off T,0.007261512,120,34.8,Normal,outside
Damián Josué Bobadilla Benítez,Right Foot,Open Play,94,43.5,Saved,0.038246736,118.1,37.5,Normal,outside
Alex Adrián Arce Barrios,Right Foot,Open Play,97.7,31.5,Blocked,0.025406407,99.8,32.1,Normal,outside
Danilo,Head,Open Play,112.8,43.6,Wayward,0.07658868,113.4,80,Normal,inside
Alex Adrián Arce Barrios,Right Foot,Open Play,50.9,32.5,Wayward,0.003063721,115.9,29.6,Normal,outside
Marquinhos,Head,Open Play,114.7,40.1,Off T,0.16580674,120,42.9,Normal,inside
Damián Josué Bobadilla Benítez,Right Foot,Open Play,107.4,35.1,Saved,0.08076446,118.4,37.8,Normal,inside
Lucas Paquetá,Left Foot,Open Play,98.8,29.3,Blocked,0.03615988,104,31.4,Normal,outside
Lucas Paquetá,Left Foot,Penalty,108,40,Off T,0.7835,120,45,Normal,inside
Vinícius Júnior,Right Foot,Open Play,109.7,48.2,Goal,0.30474883,120,41,Normal,inside
Julio Enciso,Right Foot,Open Play,102,27.1,Blocked,0.035751253,111.2,38.6,Normal,inside
Mathías Adalberto Villasanti Rolón,Right Foot,Open Play,111.2,39.3,Off T,0.2560726,120,36.4,Backheel,inside
Bruno Guimarães,Right Foot,Open Play,99.5,40.4,Post,0.06899372,120,39.1,Half Volley,outside
Rodrygo,Left Foot,Open Play,112.6,29,Saved,0.15510158,118.4,36.3,Normal,inside
Sávio,Left Foot,Open Play,116.3,44.7,Goal,0.59045523,120,40.6,Half Volley,inside
Damián Josué Bobadilla Benítez,Right Foot,Open Play,94.1,40.2,Saved,0.032009777,118.6,37,Normal,outside
Vinícius Júnior,Right Foot,Open Play,114.7,32.6,Goal,0.3122415,120,36.7,Normal,inside
Julio Enciso,Right Foot,Free Kick,92.7,28.3,Blocked,0.041077945,100.1,32.1,Normal,outside
Omar Alderete,Left Foot,Open Play,92.9,47.3,Goal,0.022854283,120,43.7,Half Volley,outside
Julio Enciso,Right Foot,Open Play,103.8,18.7,Saved,0.008530369,118.1,40.2,Normal,inside
Rodrygo,Right Foot,Free Kick,89.8,47.8,Saved,0.033093035,119.2,43.4,Normal,outside
Omar Alderete,Left Foot,Open Play,80.4,25.3,Wayward,0.004901101,103.3,39.7,Normal,outside
Sávio,Left Foot,Open Play,102.1,52.4,Blocked,0.041420687,104.1,50.7,Normal,inside
Lucas Paquetá,Left Foot,Penalty,108.1,40.1,Goal,0.7835,120,43.4,Normal,inside
Miguel Almirón,Left Foot,Open Play,93.2,48.1,Saved,0.032701593,118.7,37.1,Normal,outside
Bruno Guimarães,Right Foot,Open Play,98.1,46.4,Blocked,0.054258883,105.1,45.1,Normal,outside
Gustavo Velázquez,Head,Open Play,108.6,35.9,Off T,0.05688724,120,46.2,Normal,inside
Vinícius Júnior,Left Foot,Open Play,103.2,26.5,Off T,0.098521225,120,40.4,Normal,inside
Fabián Balbuena,Head,Open Play,106.9,46,Off T,0.046146944,120,48.1,Normal,inside
Raphinha,Left Foot,Open Play,106.5,56.6,Blocked,0.033454493,111.3,51.7,Normal,inside
Darwin Núñez,Head,Open Play,108,38.8,Off T,0.08219552,120,45.6,Normal,inside
Facundo Pellistri,Head,Open Play,118.1,42.3,Goal,0.72803485,120,41,Normal,inside
Federico Valverde,Right Foot,Open Play,104.9,35,Blocked,0.06513613,106.9,35.6,Normal,inside
Ronald Araújo,Right Foot,Open Play,80.9,48.3,Off T,0.005984487,120,50,Normal,outside
Darwin Núñez,Left Foot,Open Play,105.4,36,Blocked,0.09214343,112.2,36.5,Normal,inside
Manuel Ugarte,Right Foot,Open Play,99.3,37.5,Blocked,0.051464222,105.9,38.7,Normal,outside
Federico Valverde,Right Foot,Open Play,100.3,54.1,Saved,0.03130468,118,41.1,Normal,outside
Darwin Núñez,Right Foot,Open Play,109.8,51.6,Saved,0.1724204,116.6,45.5,Normal,inside
Darwin Núñez,Left Foot,Open Play,110.5,30.7,Goal,0.055676714,120,38.1,Normal,inside
Darwin Núñez,Head,Open Play,108.6,37.9,Post,0.07177888,120,44.1,Normal,inside
Carmelo Algarañaz Añez,Left Foot,Open Play,109.2,20.5,Saved,0.006163986,118.3,35.6,Volley,inside
Maximiliano Araújo,Head,Open Play,110.7,28.7,Saved,0.016176784,118.7,37.5,Normal,inside
Darwin Núñez,Left Foot,Open Play,107.1,29.8,Off T,0.06612359,120,43.9,Normal,inside
Carmelo Algarañaz Añez,Left Foot,Open Play,53,33.8,Off T,0.005564685,120,50.8,Lob,outside
Miguel Ángel Terceros,Left Foot,Open Play,93.1,52.8,Blocked,0.012382525,94,52.4,Normal,outside
Darwin Núñez,Right Foot,Open Play,115.3,29.2,Blocked,0.044333924,116,30.5,Normal,inside
Mathías Olivera,Head,Open Play,108,35.2,Blocked,0.027825205,109.8,35.7,Normal,inside
Luis Haquín,Head,Open Play,105.9,34.9,Wayward,0.026651207,111.3,41.7,Normal,inside
Maximiliano Araújo,Left Foot,Open Play,111.4,29.2,Saved,0.22328395,116.7,36.5,Normal,inside
Maximiliano Araújo,Right Foot,Open Play,110.4,45.4,Goal,0.19301572,120,42.3,Normal,inside
Federico Valverde,Right Foot,Open Play,105.4,43.8,Goal,0.16874397,120,36.3,Normal,inside
Rodrigo Bentancur,Head,Open Play,117.3,44.9,Goal,0.22531982,120,41.3,Normal,inside
Moisés Caicedo,Right Foot,Free Kick,113.1,16.4,Blocked,0.007678414,117.8,33.4,Normal,outside
Kendry Páez,Left Foot,Open Play,109.7,34,Off T,0.2894336,120,38.5,Half Volley,inside
Kendry Páez,Left Foot,Open Play,105.9,33.7,Blocked,0.09641145,107.5,34.7,Normal,inside
Angelo Preciado,Left Foot,Open Play,102.8,53.6,Blocked,0.017820548,103.4,53,Normal,inside
Félix Torres,Head,Open Play,115.6,43,Wayward,0.15510525,115.7,39,Normal,inside
Di'Shon Bernard,Head,Open Play,111.5,46.7,Saved,0.055495482,119.7,40.2,Normal,inside
Jeremy Sarmiento,Right Foot,Open Play,98.5,32,Blocked,0.05211137,101.8,32.7,Normal,outside
Moisés Caicedo,Right Foot,Open Play,94.7,40.5,Saved,0.036992755,116.9,41.8,Normal,outside
John Yeboah,Right Foot,Open Play,113.8,54.5,Blocked,0.016338075,114.4,53.2,Normal,inside
Alan Franco,Right Foot,Open Play,86.1,40.5,Off T,0.015346992,120,50,Normal,outside
Bobby De Cordova-Reid,Right Foot,Open Play,94.3,46.3,Saved,0.041628048,117.9,41,Normal,outside
Jeremy Sarmiento,Right Foot,Open Play,107.5,21.4,Blocked,0.011954671,108,22.2,Normal,inside
Félix Torres,Head,Open Play,107.9,33.1,Off T,0.033826087,120,39.9,Normal,inside
Félix Torres,Head,Open Play,107.5,44.2,Blocked,0.02513541,108.8,44,Normal,inside
Kendry Páez,Left Foot,Penalty,108.1,40.1,Goal,0.7835,120,43.2,Normal,inside
Kendry Páez,Left Foot,Open Play,103.9,23,Off T,0.034807786,120,41,Normal,inside
Kendry Páez,Left Foot,Open Play,101.1,51.8,Blocked,0.019578682,102.2,51,Normal,outside
Kevin José Rodríguez Cortez,Left Foot,Open Play,104.6,38.4,Blocked,0.039287124,105.3,38.3,Normal,inside
Ethan Pinnock,Left Foot,Open Play,110.5,41.8,Blocked,0.1256686,114.3,41.4,Normal,inside
Michail Antonio,Left Foot,Open Play,116.1,36.9,Goal,0.43775764,120,36.4,Half Volley,inside
Jeremy Sarmiento,Right Foot,Open Play,99.5,46.7,Off T,0.056040272,120,36.5,Normal,outside
Angelo Preciado,Left Foot,Open Play,101.2,49.6,Blocked,0.048936095,101.8,49.2,Normal,outside
Angelo Preciado,Left Foot,Open Play,102.7,46,Blocked,0.059695628,103.8,45.4,Normal,inside
Shamar Nicholson,Right Foot,Open Play,103,33.4,Saved,0.15608852,115.4,38.7,Half Volley,inside
Kevin José Rodríguez Cortez,Right Foot,Open Play,103.3,22.5,Off T,0.028776055,120,34.8,Half Volley,inside
Kendry Páez,Left Foot,Open Play,97.3,47.9,Off T,0.05168001,120,45.9,Normal,outside
Shamar Nicholson,Head,Open Play,115.6,34.9,Blocked,0.107942075,118.7,41.1,Normal,inside
Kevin José Rodríguez Cortez,Right Foot,Open Play,96.7,22.6,Blocked,0.014555482,100.6,25.5,Normal,outside
Alan Steve Minda García,Right Foot,Open Play,110.4,30.5,Goal,0.43658274,120,43.6,Normal,inside
Renaldo Showayne Cephas,Left Foot,Open Play,98.4,60.6,Blocked,0.010166562,107.2,52.3,Normal,outside
Uriel Antuna,Right Foot,Open Play,104.8,51,Off T,0.05424277,120,27.4,Volley,inside
Julián Quiñones,Right Foot,Open Play,113.2,33.7,Blocked,0.06888726,113.6,34.2,Normal,inside
Carlos Alberto Rodríguez,Left Foot,Open Play,105.6,32.7,Off T,0.059868775,120,32.4,Volley,inside
Yeferson Soteldo,Right Foot,Open Play,100.3,24.3,Off T,0.028772226,120,41,Normal,outside
Uriel Antuna,Left Foot,Open Play,99.3,48.8,Blocked,0.032730445,100.8,47.9,Normal,outside
Eduard Bello,Left Foot,Open Play,95.7,55.6,Blocked,0.021988036,97.5,54.6,Normal,outside
Santiago Giménez,Left Foot,Open Play,104.9,37.4,Saved,0.31371015,108.1,38.5,Half Volley,inside
Gerardo Arteaga,Right Foot,Open Play,103.5,45.3,Off T,0.06693961,120,42.9,Normal,inside
Carlos Alberto Rodríguez,Head,Open Play,111.3,38.2,Saved,0.13366339,117.8,39,Normal,inside
Salomón Rondón,Left Foot,Open Play,105.9,27.5,Post,0.052250948,120,44,Half Volley,inside
Luis Chávez,Right Foot,Open Play,99.6,31.2,Blocked,0.021575477,100.7,31.8,Normal,outside
Yeferson Soteldo,Left Foot,Open Play,112.2,29.6,Saved,0.080925345,117.9,35.2,Normal,inside
Salomón Rondón,Right Foot,Open Play,100.2,24.1,Blocked,0.021089654,101.6,25.3,Normal,outside
Salomón Rondón,Left Foot,Open Play,101.7,36,Blocked,0.051041428,103.1,36.5,Normal,outside
Cristian Cásseres Jr.,Right Foot,Open Play,99.9,57.4,Off T,0.017340602,120,37.8,Half Volley,outside
Salomón Rondón,Right Foot,Penalty,108,40,Goal,0.7835,120,37.1,Normal,inside
Johan Vásquez,Left Foot,Open Play,84,37.6,Blocked,0.010473982,98.6,39,Normal,outside
Yangel Herrera,Right Foot,Open Play,90.6,37.8,Blocked,0.02384444,100.2,38.6,Half Volley,outside
Luis Romo,Right Foot,Open Play,106.5,54.9,Off T,0.023029698,120,45.3,Normal,inside
Cristian Cásseres Jr.,Right Foot,Open Play,101.8,48.9,Off T,0.057888113,120,25.9,Normal,outside
Jorge Sánchez,Right Foot,Open Play,110.6,47.5,Blocked,0.05491042,113,46.5,Normal,inside
Orbelín Pineda,Right Foot,Penalty,108.1,40.1,Saved,0.7835,119.2,37.1,Normal,inside
César Huerta,Left Foot,Open Play,107.3,54.6,Saved,0.025475563,118.3,44.2,Normal,inside
Guillermo Martínez Ayala,Left Foot,Open Play,114.8,45.7,Saved,0.19917566,115.9,44.2,Half Volley,inside
César Huerta,Left Foot,Open Play,108.6,47.7,Blocked,0.12957713,114.8,43.9,Normal,inside
Luis Romo,Right Foot,Open Play,118,45.9,Blocked,0.119045906,118.9,44.7,Half Volley,inside
Guillermo Martínez Ayala,Head,Open Play,113.2,39.7,Blocked,0.09103876,113.7,39.8,Normal,inside
Johan Vásquez,Left Foot,Open Play,112.4,41.6,Wayward,0.19647762,114.7,24.4,Half Volley,inside
Gianluca Lapadula Vargas,Left Foot,Open Play,100.3,53.9,Saved,0.03835426,118.4,42.5,Normal,outside
Piero Quispe,Right Foot,Open Play,107.8,30.9,Saved,0.20834462,117.1,35.6,Normal,inside
Edison Flores,Left Foot,Open Play,96.5,39,Blocked,0.03107139,109.6,41.8,Half Volley,outside
Cyle Larin,Right Foot,Open Play,114.8,46.5,Off T,0.107047014,120,45.1,Half Volley,inside
Gianluca Lapadula Vargas,Left Foot,Open Play,107.6,37.8,Blocked,0.07971327,109.6,38.1,Normal,inside
Gianluca Lapadula Vargas,Left Foot,Open Play,99.7,42,Off T,0.05031273,120,34.8,Normal,outside
Gianluca Lapadula Vargas,Left Foot,Open Play,60.7,60.3,Wayward,0.003524882,120,9.9,Lob,outside
Cyle Larin,Right Foot,Open Play,115.1,34.1,Off T,0.14559622,120,37.1,Volley,inside
Jonathan David,Right Foot,Open Play,104.3,49.7,Goal,0.24883753,120,36.4,Normal,inside
André Carrillo,Right Foot,Open Play,85.8,39.1,Off T,0.021627786,120,23.3,Half Volley,outside
Tanitoluwa Oluwaseyi,Left Foot,Open Play,112.6,23.7,Saved,0.04153017,115.6,29.4,Normal,inside
Tanitoluwa Oluwaseyi,Right Foot,Open Play,113.6,39.1,Off T,0.36603728,120,51.7,Volley,inside
Christian Cueva,Right Foot,Open Play,105.3,35.5,Saved,0.10358695,117.1,36.7,Volley,inside
Paolo Guerrero,Right Foot,Free Kick,94,26.9,Saved,0.03990347,118.8,36.5,Normal,outside
Rodrigo De Paul,Right Foot,Open Play,87.7,42.5,Blocked,0.02182172,91.6,42,Normal,outside
Julián Álvarez,Left Foot,Open Play,110.4,35.1,Saved,0.27126214,118.6,36.6,Normal,inside
Nicolás González,Left Foot,Open Play,118.4,29.3,Off T,0.014945254,120,31.4,Half Volley,inside
Rodrigo De Paul,Right Foot,Open Play,102.6,58.8,Off T,0.010068486,120,41.1,Normal,inside
Rodrigo De Paul,Right Foot,Open Play,99.5,47.2,Blocked,0.030863734,101.1,46.8,Normal,outside
Enzo Fernandez,Right Foot,Open Play,97.9,23.9,Saved,0.021880472,118.1,40.1,Normal,outside
Nicolás González,Head,Open Play,100.4,37,Saved,0.11252192,111,39.9,Normal,outside
Lionel Messi,Left Foot,Open Play,91.7,43.1,Post,0.039618857,120,44,Normal,outside
Alexis MacAllister,Head,Open Play,116.2,49.3,Blocked,0.041834623,116.7,48.5,Normal,inside
Alexis MacAllister,Head,Open Play,114.9,31.8,Off T,0.06326828,120,44,Normal,inside
Alexis MacAllister,Left Foot,Open Play,95.1,30.9,Blocked,0.034433186,99.9,32.2,Normal,outside
Julián Álvarez,Left Foot,Open Play,100.2,28.1,Off T,0.0552451,120,43.4,Half Volley,outside
Rodrigo De Paul,Right Foot,Open Play,95.3,38.5,Off T,0.04141192,120,35.5,Normal,outside
Nahuel Molina,Right Foot,Open Play,110.2,51.5,Saved,0.14711525,117.5,44.2,Normal,inside
Lisandro Martínez,Right Foot,Open Play,103.2,32.1,Blocked,0.049713437,108.2,34.4,Half Volley,inside
Alexis MacAllister,Right Foot,Open Play,113,37.3,Saved,0.3469325,118.6,38.5,Half Volley,inside
Nicolás González,Left Foot,Open Play,106.4,26.4,Saved to Post,0.0863294,118.2,37.1,Normal,inside
Rodrigo Echeverría,Right Foot,Open Play,96.9,38.5,Saved,0.037822556,117.5,40.7,Normal,outside
Rodrigo Echeverría,Right Foot,Open Play,104,38.8,Saved,0.083016574,117.5,38.9,Half Volley,inside
Marcelino Núñez,Right Foot,Open Play,84.3,44.7,Saved,0.010149092,118.2,39.2,Normal,outside
Lautaro Martínez,Right Foot,Open Play,107.6,49.2,Blocked,0.06940774,108.9,48.2,Normal,inside
Cristian Romero,Head,Open Play,113.3,44.5,Off T,0.084791526,120,35.3,Normal,inside
Giovani Lo Celso,Left Foot,Open Play,118.1,41.4,Saved,0.48741165,118.9,41.1,Half Volley,inside
Lautaro Martínez,Right Foot,Open Play,112.6,34.3,Goal,0.29882917,120,37.8,Volley,inside
Lautaro Martínez,Right Foot,Open Play,112,37.3,Saved,0.45435396,114.4,38.9,Normal,inside
Raphinha,Right Foot,Open Play,118.3,49.6,Saved,0.022606943,119,44.8,Half Volley,inside
Rodrygo,Right Foot,Open Play,108.5,51.5,Off T,0.13211401,120,34.7,Normal,inside
Lucas Paquetá,Right Foot,Open Play,108,56.1,Off T,0.023670929,120,43.2,Volley,inside
Lucas Paquetá,Left Foot,Open Play,99.8,42.1,Off T,0.083449766,120,33.8,Half Volley,outside
Raphinha,Left Foot,Open Play,106.4,48.5,Saved,0.17065026,109.4,46.5,Half Volley,inside
Lucas Paquetá,Head,Open Play,111.3,39.2,Off T,0.13744196,120,35.1,Normal,inside
Rodrygo,Other,Open Play,111.9,36.2,Wayward,0.12780793,117.6,43.8,Normal,inside
Lucas Paquetá,Right Foot,Open Play,104.5,44.8,Off T,0.055083066,120,42.6,Volley,inside
Rodrygo,Right Foot,Open Play,100.5,49,Off T,0.049016327,120,43.3,Normal,outside
Rodrygo,Left Foot,Open Play,112.3,31.3,Off T,0.07791852,120,33.5,Volley,inside
Rodrygo,Head,Open Play,111.1,33.7,Off T,0.06231118,120,28.3,Normal,inside
Rodrygo,Left Foot,Open Play,109.8,36,Blocked,0.18428439,111.3,36.7,Normal,inside
Lucas Paquetá,Left Foot,Open Play,93.4,54.3,Post,0.019719515,120,44,Normal,outside
Álvaro José Zamora Mata,Left Foot,Open Play,89.5,43.3,Blocked,0.02023362,97.4,43.2,Normal,outside
Endrick,Left Foot,Open Play,103.1,43.7,Blocked,0.076209836,104.9,43.7,Normal,inside
Alejandro Jesús Bran Flores,Right Foot,Open Play,100.4,56,Blocked,0.016496947,112.1,46,Half Volley,outside
Sávio,Left Foot,Open Play,112.4,53.9,Wayward,0.05006676,120,2.9,Normal,inside
Guilherme Arana,Left Foot,Open Play,101,33.7,Saved,0.053021528,117.8,36.9,Half Volley,outside
Bruno Guimarães,Right Foot,Open Play,103,39.9,Blocked,0.05323099,107.7,41,Volley,inside
Sávio,Left Foot,Open Play,101.5,45.5,Blocked,0.091164716,106.2,43.7,Normal,outside
Bruno Guimarães,Right Foot,Open Play,103.8,44.4,Off T,0.07030929,120,43.6,Normal,inside
Lucas Paquetá,Left Foot,Open Play,107.5,42.3,Wayward,0.08111422,113,36.7,Half Volley,inside
Alex Adrián Arce Barrios,Left Foot,Open Play,86.7,49.1,Off T,0.02369488,120,31.6,Normal,outside
Richard,Right Foot,Open Play,92.8,56,Off T,0.014176558,120,45.7,Normal,outside
Daniel Muñoz,Head,Open Play,108.3,47,Off T,0.031434443,120,46.1,Normal,inside
Alex Adrián Arce Barrios,Head,Open Play,114.7,41.7,Wayward,0.36446372,120,53.1,Normal,inside
Julio Enciso,Right Foot,Free Kick,98.6,18.2,Saved,0.009730148,119.1,36.7,Normal,outside
Fabián Balbuena,Other,Open Play,115.8,31.4,Off T,0.09562868,120,33,Normal,inside
Davinson Sánchez,Head,Open Play,112.5,37.6,Blocked,0.08225267,113.2,37.7,Normal,inside
Davinson Sánchez,Head,Open Play,104.4,39.6,Off T,0.022180738,120,45.7,Normal,inside
Julio Enciso,Right Foot,Open Play,94.4,40.4,Blocked,0.041402362,101.6,39.4,Normal,outside
Alex Adrián Arce Barrios,Right Foot,Open Play,94.8,35.4,Blocked,0.021501986,95.7,35.7,Half Volley,outside
Julio Enciso,Right Foot,Open Play,100,21.8,Off T,0.018294776,120,48.8,Normal,outside
Daniel Muñoz,Head,Open Play,112.4,46.8,Goal,0.07853244,120,43,Normal,inside
Jefferson Lerma,Head,Open Play,110.8,45,Goal,0.0654376,120,37.3,Normal,inside
Luis Díaz,Right Foot,Open Play,103.9,31.5,Off T,0.051019497,120,39,Half Volley,inside
Mathías Adalberto Villasanti Rolón,Right Foot,Open Play,100.2,50,Off T,0.02317442,120,40.5,Volley,outside
Matías David Espinoza Acosta,Left Foot,Open Play,96.1,25.4,Saved,0.024414247,116.3,36.5,Normal,outside
Julio Enciso,Right Foot,Open Play,115.4,45.2,Goal,0.18495002,120,37,Volley,inside
James Rodríguez,Left Foot,Open Play,97.1,21.3,Saved,0.009896111,118.2,38.1,Normal,outside
Luis Díaz,Right Foot,Open Play,112.1,51.4,Off T,0.070659794,120,45.3,Normal,inside
James Rodríguez,Right Foot,Open Play,109.3,52.2,Off T,0.09465386,120,32.5,Half Volley,inside
Kevin Duvan Castaño Gil,Right Foot,Open Play,107.2,41.9,Blocked,0.10167713,108.1,41.6,Half Volley,inside
Matías Rojas,Left Foot,Open Play,92.3,53.6,Off T,0.020341355,120,36.5,Normal,outside
Joe Scally,Right Foot,Open Play,91.1,41.6,Wayward,0.018759776,107.6,34.4,Volley,outside
Christian Pulisic,Right Foot,Open Play,102.7,23.1,Goal,0.026685437,120,43.3,Normal,inside
Fernando Javier Saucedo Pereyra,Right Foot,Free Kick,102.6,3,Saved,0.007358302,119.1,36.5,Normal,outside
Timothy Weah,Right Foot,Open Play,114.5,50.7,Saved,0.11284423,118.2,43.8,Half Volley,inside
Gabriel Alejandro Villamíl Cortéz,Left Foot,Open Play,92.1,36.5,Off T,0.026434954,120,36.2,Normal,outside
Folarin Balogun,Left Foot,Open Play,116.4,28.7,Blocked,0.04957426,116.7,29.4,Normal,inside
Giovanni Reyna,Head,Open Play,114.4,32,Off T,0.073268734,120,34.8,Normal,inside
Folarin Balogun,Left Foot,Open Play,104.2,41,Blocked,0.06937384,106,40.9,Normal,inside
Folarin Balogun,Left Foot,Open Play,103.5,28.9,Goal,0.071048014,120,43.6,Normal,inside
Christian Pulisic,Right Foot,Open Play,98.9,33.5,Blocked,0.06782016,102.4,34.1,Normal,outside
Timothy Weah,Right Foot,Open Play,111,56.7,Off T,0.020604013,120,25.1,Normal,inside
Roberto Fernández,Left Foot,Open Play,91.5,43,Saved,0.026689276,118.9,38,Normal,outside
Miguel Ángel Terceros,Left Foot,Open Play,95.9,42.8,Blocked,0.02711714,97.5,42.7,Normal,outside
Christian Pulisic,Right Foot,Open Play,104.1,31.9,Saved,0.060238354,117.5,37.6,Normal,inside
Ricardo Daniel Pepi,Right Foot,Open Play,112.7,39.2,Off T,0.3003861,120,48,Half Volley,inside
Christian Pulisic,Right Foot,Open Play,110,28.7,Off T,0.0614333,120,35.4,Volley,inside
Ricardo Daniel Pepi,Right Foot,Open Play,112.5,51.2,Blocked,0.11201335,113.3,50.3,Normal,inside
Miguel Ángel Terceros,Left Foot,Open Play,94.5,38.3,Saved,0.03554841,118,40.2,Normal,outside
Timothy Weah,Left Foot,Open Play,104.7,36.2,Off T,0.083001085,120,37.4,Normal,inside
Ricardo Daniel Pepi,Right Foot,Open Play,103,37.6,Saved,0.068214424,117.4,38.7,Normal,inside
Ricardo Daniel Pepi,Right Foot,Open Play,96.9,28.5,Saved,0.05108293,117.1,41.2,Normal,outside
Antonee Robinson,Right Foot,Open Play,101.1,28.7,Blocked,0.044457473,105.5,31.1,Normal,outside
Antonee Robinson,Left Foot,Open Play,95.5,29.4,Blocked,0.024973568,100.1,31,Normal,outside
Ramiro Vaca Ponce,Right Foot,Open Play,93.6,32.2,Off T,0.0265427,120,44.4,Normal,outside
Ricardo Daniel Pepi,Right Foot,Open Play,114.1,38.9,Saved,0.546115,118.2,39.2,Normal,inside
Ricardo Daniel Pepi,Other,Open Play,115.7,37.4,Saved,0.54278976,119,37.7,Normal,inside
Darwin Machís,Left Foot,Open Play,90.9,50.1,Blocked,0.017812079,94.7,48.8,Normal,outside
John Yeboah,Left Foot,Open Play,99,33.2,Saved,0.058614414,117.3,39.9,Normal,outside
Salomón Rondón,Right Foot,Open Play,95.6,44.7,Off T,0.03622315,120,36.1,Normal,outside
John Yeboah,Left Foot,Open Play,100.7,41,Blocked,0.03213583,105.6,40.2,Volley,outside
Kendry Páez,Right Foot,Open Play,109.3,37.6,Saved,0.21455957,118,39.1,Half Volley,inside
Salomón Rondón,Head,Open Play,114,34.3,Wayward,0.11242704,115.8,39.6,Normal,inside
Yordan Osorio,Right Foot,Open Play,115.8,41.9,Saved,0.5372787,117.9,41,Volley,inside
Salomón Rondón,Right Foot,Open Play,115.1,54.2,Blocked,0.01198854,115.5,53.2,Half Volley,inside
Darwin Machís,Right Foot,Open Play,102.8,41.1,Off T,0.059662033,120,51,Half Volley,inside
Angelo Preciado,Right Foot,Open Play,80.8,43.5,Off T,0.005307269,120,48.4,Half Volley,outside
Darwin Machís,Left Foot,Open Play,100,41.6,Off T,0.057743832,120,36.5,Half Volley,outside
Kendry Páez,Right Foot,Open Play,99.5,49.6,Wayward,0.08086318,120,24.8,Normal,outside
Jeremy Sarmiento,Right Foot,Open Play,104.2,39.3,Goal,0.08814787,120,43.2,Half Volley,inside
Yangel Herrera,Right Foot,Open Play,98.8,53.7,Blocked,0.02541807,103.1,50.3,Normal,outside
José Martínez,Right Foot,Open Play,91.3,43,Blocked,0.021437455,94.4,42.7,Normal,outside
Yangel Herrera,Head,Open Play,111.3,42.7,Off T,0.09099432,120,37.1,Normal,inside
Piero Hincapié,Left Foot,Open Play,56.4,11.8,Wayward,0.00735285,92.3,25.7,Lob,outside
Alan Franco,Right Foot,Open Play,103.1,36.9,Saved,0.053620383,118.4,41,Volley,inside
Jhonder Cádiz,Right Foot,Open Play,103.3,50,Goal,0.05229406,120,43.2,Normal,inside
Salomón Rondón,Head,Open Play,111,38.1,Saved,0.28466988,118.2,41.6,Diving Header,inside
Eduard Bello,Right Foot,Open Play,117.4,46.2,Goal,0.22401401,120,41.9,Half Volley,inside
Félix Torres,Head,Open Play,113.4,38.6,Off T,0.1949902,120,48.3,Normal,inside
Eric Ramirez,Right Foot,Open Play,100.1,51.5,Saved,0.05305537,116,43.4,Half Volley,outside
Luis Chávez,Left Foot,Open Play,105.1,42.1,Saved,0.09568352,117.8,39.5,Half Volley,inside
Shamar Nicholson,Right Foot,Open Play,106.3,45.1,Wayward,0.03321998,107,44.8,Overhead Kick,inside
Kasey Palmer,Right Foot,Open Play,99.5,36.4,Off T,0.03810578,120,47.6,Volley,outside
Santiago Giménez,Head,Open Play,115,45.2,Off T,0.1501871,120,44.8,Diving Header,inside
Shamar Nicholson,Head,Open Play,112.2,40.6,Off T,0.116960794,120,33.1,Normal,inside
Demarai Gray,Right Foot,Open Play,101.9,27.7,Blocked,0.0379779,102.4,28.1,Normal,outside
Dexter Lembikisa,Right Foot,Open Play,103.5,60.5,Saved,0.014014389,116.4,44,Normal,inside
Michail Antonio,Right Foot,Open Play,93.7,31.1,Blocked,0.028422927,102,33.2,Normal,outside
Luis Chávez,Left Foot,Free Kick,86.7,36.2,Blocked,0.025718551,98.9,36.2,Normal,outside
Bobby De Cordova-Reid,Right Foot,Open Play,100.5,49.1,Blocked,0.035685007,104.9,46.4,Half Volley,outside
César Montes,Right Foot,Open Play,87.8,51.5,Off T,0.010904945,120,39.7,Normal,outside
Luis Romo,Right Foot,Open Play,100.2,36.6,Off T,0.057612482,120,46,Normal,outside
Julián Quiñones,Right Foot,Open Play,108.7,27.3,Blocked,0.05010064,111,30.5,Volley,inside
César Montes,Head,Open Play,111.8,44.2,Saved,0.061813187,119.3,42.7,Normal,inside
Kasey Palmer,Right Foot,Open Play,100.2,35.8,Saved,0.041952748,119,40.4,Half Volley,outside
Dexter Lembikisa,Left Foot,Open Play,93.1,52.8,Saved,0.024655532,117.8,42.4,Normal,outside
Luis Chávez,Right Foot,Open Play,102.7,42.7,Blocked,0.07538974,105.1,41.9,Normal,inside
Shamar Nicholson,Left Foot,Open Play,99,51.7,Blocked,0.037786007,99.9,51.2,Normal,outside
Luis Chávez,Left Foot,Open Play,96.3,21.5,Saved,0.009628882,115.8,38,Normal,outside
César Montes,Head,Open Play,111.6,44.3,Wayward,0.07012782,111.9,42.6,Normal,inside
Julián Quiñones,Right Foot,Open Play,105.2,25.9,Off T,0.05945015,120,41.8,Normal,inside
Luis Chávez,Left Foot,Open Play,91.9,30.2,Saved,0.025747249,116.7,42.2,Normal,outside
Santiago Giménez,Right Foot,Open Play,109.9,52.6,Saved,0.12347557,116.8,44.6,Normal,inside
Gerardo Arteaga,Left Foot,Open Play,100.1,22.4,Saved,0.01806774,119.1,35.9,Half Volley,outside
Julián Quiñones,Left Foot,Open Play,105,32.5,Blocked,0.13210854,107.1,33.2,Normal,inside
Jorge Sánchez,Right Foot,Open Play,101.5,47.4,Blocked,0.061209526,102.7,47.3,Normal,outside
Gerardo Arteaga,Left Foot,Open Play,101.7,34,Goal,0.07661064,120,43.5,Normal,outside
Julián Quiñones,Right Foot,Open Play,94.5,20.9,Saved,0.009480294,117.4,37.8,Normal,outside
Erick Sánchez,Right Foot,Open Play,85.5,34.4,Off T,0.01420508,120,34.1,Normal,outside
Luis Romo,Right Foot,Open Play,83.4,41,Saved,0.008558671,115.3,39.1,Normal,outside
Shamar Nicholson,Right Foot,Free Kick,94.5,49.2,Off T,0.051838364,120,43.9,Normal,outside
Kaheim Dixon,Right Foot,Open Play,100.8,50.6,Off T,0.03211526,120,44.6,Normal,outside
Dexter Lembikisa,Right Foot,Open Play,91,53.9,Saved,0.013424586,119,43.1,Half Volley,outside
Alexis Sánchez,Left Foot,Open Play,113.8,36.2,Off T,0.5324023,120,39.4,Normal,inside
Edison Flores,Left Foot,Open Play,100.8,56.5,Wayward,0.027817758,113.2,28.8,Normal,outside
Víctor Dávila,Left Foot,Open Play,104.4,47.5,Blocked,0.07390335,106.6,46.8,Normal,inside
Víctor Dávila,Head,Open Play,109.5,45.2,Off T,0.063098125,120,41.3,Normal,inside
Alexis Sánchez,Right Foot,Open Play,105.1,53,Off T,0.050699525,120,42.6,Normal,inside
Gianluca Lapadula Vargas,Right Foot,Open Play,94.2,30.6,Blocked,0.012254532,95,30.9,Normal,outside
Miguel Araujo,Head,Open Play,112.5,43.7,Saved,0.09023448,118.9,40.8,Normal,inside
Darío Osorio,Left Foot,Open Play,100.1,56.7,Blocked,0.023335973,103,54.2,Normal,outside
Víctor Dávila,Right Foot,Open Play,100.6,41.8,Blocked,0.047972854,102.6,41.9,Normal,outside
Gianluca Lapadula Vargas,Left Foot,Open Play,110.3,44,Saved,0.2626886,118.9,40.2,Half Volley,inside
Marcelino Núñez,Left Foot,Open Play,94.4,36.4,Saved,0.04609468,113.3,39.8,Normal,outside
Sergio Peña,Right Foot,Open Play,81.2,59.4,Off T,0.005737929,120,27.4,Half Volley,outside
Ben Brereton Díaz,Right Foot,Open Play,101.2,34,Blocked,0.05249021,102.6,34.7,Normal,outside
Gianluca Lapadula Vargas,Left Foot,Open Play,108.7,34.9,Saved,0.04927083,119.2,37.2,Volley,inside
Paolo Guerrero,Right Foot,Open Play,117.6,35.1,Saved,0.22927108,118.2,35.7,Half Volley,inside
Ben Brereton Díaz,Head,Open Play,110.1,30.8,Off T,0.026542226,120,42.5,Normal,inside
Alexis Sánchez,Left Foot,Open Play,115.4,29.1,Wayward,0.044933494,116,35.9,Normal,inside
Igor Lichnovsky,Head,Open Play,111.9,37.6,Off T,0.06329115,120,37.7,Normal,inside
Cyle Larin,Right Foot,Open Play,98.9,28.3,Blocked,0.015818028,99.6,28.8,Normal,outside
Marcos Acuña,Left Foot,Open Play,107,23.2,Blocked,0.024003305,108.3,24.7,Normal,inside
Leandro Paredes,Right Foot,Open Play,94,25.9,Off T,0.018226419,120,42.7,Normal,outside
Stephen Antunes Eustáquio,Right Foot,Open Play,103.8,30,Blocked,0.05387994,108.6,32.7,Normal,inside
Ángel Di María,Left Foot,Open Play,104.3,45.3,Saved,0.38549066,106.5,44.3,Normal,inside
Lionel Messi,Left Foot,Open Play,112.1,52.1,Blocked,0.05553213,113.2,50.4,Normal,inside
Alphonso Davies,Left Foot,Free Kick,98.6,45.7,Blocked,0.080919705,107.6,43.2,Normal,outside
Liam Millar,Left Foot,Open Play,99.8,32.9,Blocked,0.038457155,109,34.5,Half Volley,outside
Tajon Buchanan,Left Foot,Open Play,112.8,48.8,Off T,0.09589378,120,46.3,Normal,inside
Alexis MacAllister,Head,Open Play,108,42.5,Saved,0.09785595,116,40.2,Normal,inside
Stephen Antunes Eustáquio,Head,Open Play,113.1,40,Saved,0.27282134,118,40.8,Normal,inside
Alphonso Davies,Right Foot,Open Play,108.6,33.8,Off T,0.16908902,120,47.8,Half Volley,inside
Lionel Messi,Left Foot,Open Play,97.6,50.1,Off T,0.041393496,120,32.8,Normal,outside
Julián Álvarez,Left Foot,Open Play,110.9,20.2,Wayward,0.046423115,111.7,24.2,Normal,inside
Julián Álvarez,Right Foot,Open Play,115.7,50,Goal,0.28057104,120,41.7,Normal,inside
Julián Álvarez,Right Foot,Open Play,104.5,36,Saved,0.087631606,116.2,42,Half Volley,inside
Ángel Di María,Left Foot,Open Play,97.2,56.1,Off T,0.026427083,120,40.7,Normal,outside
Lionel Messi,Left Foot,Open Play,106.4,26.8,Saved,0.1567685,113.6,34.9,Normal,inside
Lionel Messi,Left Foot,Open Play,106.4,35.2,Blocked,0.29640734,109.5,36.4,Lob,inside
Jonathan David,Head,Open Play,113.7,45.9,Off T,0.15787224,120,33.2,Normal,inside
Alphonso Davies,Right Foot,Open Play,107,26.7,Off T,0.07225489,120,52.9,Normal,inside
Giovani Lo Celso,Left Foot,Open Play,103.2,47.6,Blocked,0.040288117,104.7,46.9,Normal,inside
Lionel Messi,Left Foot,Open Play,105.8,45.9,Off T,0.34901053,120,35.2,Lob,inside
Nicolás Otamendi,Head,Open Play,112.6,38.8,Off T,0.238193,120,49.5,Normal,inside
Lautaro Martínez,Right Foot,Open Play,103,35.6,Saved,0.4318725,109,37.6,Normal,inside
Nicolás Otamendi,Left Foot,Open Play,116.3,39.9,Off T,0.48537365,120,43.2,Half Volley,inside
Lautaro Martínez,Right Foot,Open Play,107,44.9,Goal,0.41493064,120,41.1,Normal,inside
Jacob Shaffelburg,Left Foot,Open Play,95.2,55.7,Saved,0.020293387,117.7,42.8,Normal,outside
Lionel Messi,Left Foot,Free Kick,93.6,42.1,Saved,0.06189222,118.8,42.5,Normal,outside